relation,method,a_log10,beta,C,R2_log,RMSE_log10,N
lambda0_kpc vs Rmax_kpc,OLS (moindres carres ordinaires),0.22931745878513232,0.9096271510640022,1.6955767732632367,0.7751847161002825,0.18208374035723748,78
lambda0_kpc vs Rmax_kpc,Theil–Sen (robuste),0.12210367739829375,0.9929748905743344,1.324657727734292,0.7686759926823197,0.1847007262475828,78
Rc_kpc vs Rmax_kpc,OLS (moindres carres ordinaires),0.6162658966702754,-0.5643659528057665,4.133004676343315,0.11174490432200979,0.591443455737628,78
Rc_kpc vs Rmax_kpc,Theil–Sen (robuste),0.5295317992586561,-0.34670491428891126,3.384790545642567,-0.0003689173628145248,0.6276600275560059,78
lambda0_kpc vs V_max_fixed,OLS (moindres carres ordinaires),-1.065567641272827,1.15731897352556,0.08598691320252475,0.5139497417642753,0.2677311100392018,78
lambda0_kpc vs V_max_fixed,Theil–Sen (robuste),-1.0075898229967069,1.1322320113586144,0.09826756100061632,0.5135718894752089,0.26783515602815056,78
Rc_kpc vs V_max_fixed,OLS (moindres carres ordinaires),2.318762308390216,-1.1396968825681721,208.33503426266893,0.18664698189064988,0.5659576286114896,78
Rc_kpc vs V_max_fixed,Theil–Sen (robuste),1.894681549565527,-0.8455847389312888,78.46600643854264,0.0695124071212061,0.6053404151230019,78
