{
  "chi2": 14.172533504663793,
  "k": 16,
  "dof": 44,
  "params": {
    "bin1": {
      "A": 0.3352551644059668,
      "zeta": 0.11574530582213127,
      "phi0": 3.4945354702420133,
      "Rc": 0.11905956299071899
    },
    "bin2": {
      "A": 0.77632555081497,
      "zeta": 0.3341645951625877,
      "phi0": 3.272946387092465,
      "Rc": 17.174382959122827
    },
    "bin3": {
      "A": 0.13810973814774322,
      "zeta": 0.04503141050913555,
      "phi0": 2.8855521156162722,
      "Rc": 23.652044542201697
    },
    "bin4": {
      "A": 0.2026876283364987,
      "zeta": 0.1661865942614912,
      "phi0": 3.41364082495713,
      "Rc": 26.741264753165545
    }
  }
}