{
  "chi2": 15.713607738862473,
  "k": 13,
  "A_universal": 0.24970577000063734,
  "params": {
    "bin1": {
      "zeta": 0.01,
      "phi0": 3.6223682780275115,
      "Rc": 2.8427514942838976
    },
    "bin2": {
      "zeta": 0.9893206030423501,
      "phi0": 3.107235149158378,
      "Rc": 6.796794986788121
    },
    "bin3": {
      "zeta": 0.45255115439425353,
      "phi0": 2.859275634325087,
      "Rc": 19.142180202720144
    },
    "bin4": {
      "zeta": 0.3270230004825309,
      "phi0": 3.322984729569758,
      "Rc": 26.283318536436884
    }
  }
}